{
	"info": {
		"_postman_id": "43a18408-4c2a-4f21-8bc9-cf5b8d2c8927",
		"name": "Spring ex 4,5 y 6",
		"schema": "https://schema.getpostman.com/json/collection/v2.1.0/collection.json",
		"_exporter_id": "13750199"
	},
	"item": [
		{
			"name": "Get",
			"request": {
				"method": "GET",
				"header": []
			},
			"response": []
		},
		{
			"name": "GetLaptops",
			"request": {
				"method": "GET",
				"header": []
			},
			"response": []
		},
		{
			"name": "GetLaptops",
			"request": {
				"method": "POST",
				"header": [],
				"body": {
					"mode": "raw",
					"raw": "{\r\n    \"tradeMark\":\"ASUS\"\r\n}",
					"options": {
						"raw": {
							"language": "json"
						}
					}
				},
				"url": {
					"raw": "http://localhost:8080/laptops",
					"protocol": "http",
					"host": [
						"localhost"
					],
					"port": "8080",
					"path": [
						"laptops"
					]
				}
			},
			"response": []
		}
	]
}